logProt,logRvar
3.8314033,1.1880844
3.3228712,1.6336704
3.6225128,1.5102769
4.0347185,1.2273724
3.53156,1.3718065
3.3832603,1.23325
4.43459,-0.43179828
3.222111,1.3537239
3.9688745,1.1760913
3.3209438,1.3298045
3.3221784,1.1640553
3.1683373,1.4650853
3.4755092,1.9316612
3.0177367,1.3898746
3.700661,1.5583485
3.2397547,1.4951279
3.5205214,1.3147097
3.9998007,1.4320067
3.7184653,1.5554572
3.946876,1.3596457
3.659574,1.2664669
3.2304778,1.5223138
4.1777954,1.1309767
3.7228916,1.4320067
3.6077075,1.4199557
3.330684,1.3176455
3.2362318,1.426023
3.6262577,1.2392995
4.0612817,1.2964458
3.0084329,1.4769765
3.1523387,1.3300077
3.8321397,0.22788672
4.1379447,1.4048337
3.1954641,1.6156344
3.4232242,1.4619485
3.4819815,1.6035774
4.5168576,1.0374265
3.3150816,1.6215917
4.2265987,0.9986952
3.8654938,1.1852587
4.6631336,0.9415114
3.5376742,1.5342801
3.4630594,1.4079006
3.6251943,1.657725
3.3094046,1.4109459
3.623287,1.4440448
3.7679877,1.2755417
4.6009955,1.0314084
4.1785913,1.4711449
3.8034465,1.1852587
4.1031356,1.2392995
3.5248463,1.4440448
3.4649456,1.2452658
3.931412,1.2033049
3.2320938,1.751048
4.896805,0.61066014
3.56176,1.426023
3.2673032,1.5041989
3.9547737,1.3868556
4.182104,1.1640553
4.2013764,1.3928727
3.3643339,1.5764565
4.1115255,1.3296013
4.2933083,1.1248301
4.4322186,1.3626709
3.4133482,1.6065962
4.0748568,1.1731863
3.839969,1.4650853
2.8400655,2.0776587
3.8268943,1.6366885
3.319044,1.5041989
3.451947,1.4801507
3.482224,1.5915098
3.9695785,1.2062861
3.6401155,1.5583485
3.6571007,1.3356584
3.476455,1.2518815
3.7935488,1.2392995
2.888446,1.8232785
3.0490103,1.657725
3.6980515,1.2875777
3.6267984,1.4771212
3.8250484,1.2392995
3.6996171,1.3416324
3.2407608,1.6215917
3.429569,1.5433229
3.2694926,1.5915098
4.10263,1.2543063
4.358522,1.1309767
3.7172647,1.1519824
4.4470005,1.1580608
3.6756659,1.2301934
4.3838177,0.6766936
4.4785404,1.1248301
3.3376296,1.6667987
3.5362766,1.5794406
3.07725,1.6517625
3.5328286,1.5313512
4.339818,0.08278538
3.665264,1.5854608
3.997043,-0.3098039
3.4646437,1.4891144
3.763036,0.95327634
3.9292793,1.1731863
3.4855478,1.5102769
3.1972897,1.158664
3.322665,1.4620984
3.2514558,1.4410664
3.9679663,1.2725377
3.3322246,1.5493711
3.291005,1.4891144
3.3098667,1.6607707
3.6562576,1.5494937
4.2882004,1.100715
3.4785736,1.1852587
3.3297641,1.525304
3.8678627,1.23325
3.0992572,1.3447851
3.7953293,1.5193028
3.751627,1.5282738
3.6954355,1.4922014
4.139311,1.6065962
3.3312185,1.5493711
4.079171,1.5313512
3.3519862,1.3265407
4.49058,0.2922561
3.496475,1.4709982
3.7679076,1.4079006
4.510958,0.9020029
3.2134478,1.6366885
3.2394192,1.3147097
3.361603,1.4560622
3.876373,1.1972805
3.5083175,1.5313512
4.0035243,1.3296013
3.309192,1.5794406
3.792312,1.4771212
3.3487298,1.6728364
3.5064733,1.5011963
3.1554854,1.6005373
4.604327,1.3567904
3.2368174,1.4410664
2.9665098,1.4831592
3.9609838,1.6547539
3.7343688,1.5011963
3.3217673,1.4590908
3.5701501,1.4620984
3.420341,1.4530123
3.4829688,1.4981726
3.2662995,1.3718065
3.5049436,1.6517625
3.570326,1.5313512
3.4156961,1.5915098
3.224878,1.6065962
4.062689,1.1099159
3.7201424,1.6667987
4.2153344,1.3144993
3.8243055,1.1519824
3.3668623,1.6035774
3.1307156,2.0491405
3.2787087,1.4111145
3.0600698,1.6880637
3.2580657,1.5884959
3.788708,1.3537239
4.029243,1.4410664
3.3898206,1.627673
4.1228895,1.052694
3.3398237,1.5313512
3.7570655,1.41397
4.935801,0.25285304
4.155403,1.3296013
3.4267924,1.4831592
3.7497811,1.2033049
3.5971172,1.2513949
4.6500173,0.017033324
3.8171668,1.426023
4.0903463,1.2574385
3.1890128,1.6035774
3.8237011,1.1972805
3.499066,1.4048337
3.3134935,1.3416324
3.9792361,1.5464193
3.3891122,1.6517625
3.4364204,1.618571
3.6065962,1.5644293
4.692364,0.25767857
3.849232,1.2484637
3.2580786,1.5644293
3.724571,1.5884959
3.4069986,1.4620984
3.0903037,1.5373152
3.9177182,1.2180101
3.313203,1.2370408
3.2473586,1.6697816
4.0566697,0.75739604
3.2391832,1.4891144
4.7443166,0.7126497
3.480234,1.5553364
3.841599,1.0406023
4.021897,1.2211533
3.724758,1.4922014
3.9357216,1.3326404
4.2623954,1.2904798
3.9941697,1.4109459
3.7866707,1.5915098
3.4359813,1.525304
3.8604975,1.2574385
3.342784,1.3989811
3.2972078,1.4771212
3.6213434,1.5162709
3.3811274,1.5193028
3.951508,1.5193028
4.5978017,-0.20065945
3.1667798,1.4920616
3.7154078,1.4981726
3.9237654,1.3506356
3.7491257,1.3747483
3.3926125,1.4410664
3.5881684,1.5764565
3.629063,1.4440448
3.8850172,1.1911714
3.4707448,1.4199557
3.581154,1.6215917
3.1119332,1.4981726
3.330042,1.618571
3.414177,1.4620984
4.5452065,0.6972293
3.241088,1.6005373
4.0000906,1.5011963
4.2920175,1.1370374
3.0120146,1.3626709
3.2821717,1.5794406
2.9613106,1.6426623
3.3405297,1.7089305
3.864356,1.3085644
3.3738008,1.5884959
3.079043,1.7149162
3.6248243,1.2603099
3.6802142,1.2725377
3.832103,1.5825179
3.3615148,1.525304
3.5627005,1.0707765
3.5263295,1.5193028
3.7003334,1.4891144
3.3032856,1.5704261
3.7163322,1.6547539
3.9761655,1.4922014
4.304782,-0.38721615
3.9019608,1.3176455
3.356189,1.450095
3.5333836,1.2935835
3.597319,1.4891144
3.476048,1.4530123
3.2295136,1.5764565
4.376548,0.11394334
4.205738,-0.38721615
3.040316,2.0788193
3.8243446,1.1852587
3.8343174,1.5825179
4.140481,1.4891144
3.8418412,1.2633994
4.1236267,1.1550323
3.9328675,0.9863238
4.1910906,1.0888445
3.829004,1.6005373
3.2816284,1.3115419
4.4148746,1.4771212
4.0362587,1.1731863
4.420868,1.3868556
3.2756503,1.4109459
3.1064744,1.7089305
3.3615625,1.5493711
3.6736007,1.422918
4.141497,1.450095
3.649127,1.2065561
3.622747,1.5282738
3.2233717,1.5884959
3.264771,1.6787914
3.7348692,1.4440448
3.3849635,1.3718065
3.828008,1.627673
4.412386,0.7331973
3.937061,1.41397
4.225401,1.2301934
4.3484554,1.3386557
3.3147357,1.612572
3.6376455,1.4079006
3.3945117,1.525304
2.935118,1.34262
4.081616,1.2452658
3.3983862,1.3085644
4.060972,1.3386557
3.9021316,1.1942368
3.4508913,1.2875777
3.5932794,1.1580608
4.131245,1.2182729
2.384225,1.8594385
3.2999,1.6005373
3.535138,1.2397999
3.2127862,1.6517625
3.3014007,1.6245915
3.9904099,1.4440448
3.6204572,1.525304
3.3427005,1.5408298
3.823805,1.3296013
3.0899618,1.6516656
3.3307443,1.612572
3.6127996,1.4831592
4.503225,0.5378191
3.3707516,1.6787914
3.1241915,1.6517625
3.56194,1.618571
4.258526,-0.38721615
4.104941,1.5854608
3.4081135,1.2182729
3.6176116,1.2392995
3.9013562,1.4650853
3.792791,1.1821293
3.526699,1.5493711
3.1991346,1.618571
3.8832629,1.2092469
3.1279626,1.3447851
3.7544618,1.2844307
3.529026,1.3115419
3.75292,1.41397
3.457939,1.2907022
2.9077053,1.8444151
3.5038679,1.269513
3.2616243,1.5673794
3.731645,1.5884959
3.3492284,1.4289443
3.1240327,1.4951279
3.5644722,1.4831592
3.2541604,2.0329812
3.2371912,1.3898746
4.0962996,1.1911714
3.4949684,1.4740705
3.765257,1.1942368
3.8533194,1.2182729
3.303275,1.5974758
4.519308,0.07188199
4.35881,1.1731863
3.793013,1.3567904
3.1832683,1.6005373
3.7269795,1.5825179
3.4052372,1.41397
4.255356,1.1852587
3.778482,1.2151086
4.5026655,1.1430148
3.3894062,1.4169732
3.6971443,1.3626709
3.7610695,1.6426623
4.018778,1.1550323
3.6470428,1.4951279
4.042024,1.3055663
3.3674726,1.4620984
4.0725775,1.4680518
3.172703,1.4258602
3.8613505,1.6156344
3.6588771,1.5011963
4.487971,0.6946052
3.0465949,1.2873538
4.060775,1.1309767
3.8709908,1.269513
4.0089474,1.4470029
3.1843789,1.6697816
3.389144,1.4680518
4.014932,1.2904798
3.3723571,1.2846563
3.2291155,1.618571
3.3104517,1.4891144
3.1612897,1.525304
3.24409,1.6336704
2.9041288,1.3838154
4.657008,1.2151086
3.217093,1.6396856
3.4747949,1.2452658
3.1793509,1.5011963
3.3777208,1.4771212
4.490249,1.0464952
4.026631,1.1972805
3.6887422,1.3296013
4.2428627,1.3144993
3.600639,1.3115419
4.1353993,1.5011963
4.212916,1.6035774
3.9734812,1.450095
3.666274,1.1519824
3.4848573,1.5614592
2.9808836,1.7781513
4.00352,1.525304
3.8105798,1.3416324
3.252539,1.5974758
3.2201197,1.6728364
3.8987427,1.5825179
4.23836,1.4620984
3.3623762,1.3686588
3.281222,1.3809345
3.531078,1.2484637
4.7952366,1.3988078
4.046233,1.5282738
3.1147597,1.618571
4.085357,1.146128
3.4294832,0.9474337
3.4795988,1.3506356
4.1662335,1.2935835
3.345966,1.3057811
4.2181506,1.0856473
4.295918,1.4861469
3.0487058,1.467904
3.8689973,1.4199557
3.6987154,1.4891144
3.507385,1.4831592
2.9727926,1.243038
3.8552742,1.2725377
3.32473,1.5614592
4.4422116,-0.19382003
3.5033267,1.4861469
4.134389,1.3567904
3.3598478,1.4650853
3.5645106,1.2484637
3.1368191,1.6697816
3.3509789,1.3537239
3.540427,1.6245915
2.9923668,1.8232785
3.1573167,1.6306312
3.0362434,1.657725
2.433236,1.3721752
4.064132,1.4922014
2.9587944,1.392697
4.0973253,1.3838154
3.5353167,1.3658623
3.2482266,1.4922014
4.2626905,1.0257154
3.2988067,1.449941
3.221141,1.6848453
3.5906675,1.3477203
4.093679,1.5342801
4.6110063,0.2855573
3.7903008,1.594503
3.6025944,1.4711449
2.9540029,1.4711449
3.2577856,1.5041989
3.007876,1.3089911
4.9319954,-0.13667713
3.6108575,1.1731863
3.695769,1.4199557
3.2493494,1.6637951
3.2026377,1.4952668
3.3015807,1.4107772
3.782565,1.4320067
4.10414,1.4320067
3.39236,1.3296013
3.7602704,1.2422929
3.2856004,1.4289443
3.8700566,1.4861469
4.0227356,1.2392995
3.0896337,1.392697
3.3383684,1.4109459
3.1959329,1.4109459
3.0908482,1.5342801
3.1713617,1.5915098
3.9838314,-0.2596373
3.661296,1.1550323
4.1074276,1.426023
2.833475,1.6607707
3.9422631,1.1852587
3.4089136,1.422918
4.3395824,0.037426513
3.4579034,1.6215917
4.161665,1.1430148
3.86756,1.3205616
3.4217134,1.7299743
3.633949,1.278525
3.1489093,1.5794406
3.981717,1.2664669
4.57153,0.9263424
3.3035336,1.6065962
4.0976977,1.5011963
3.659992,1.5223138
3.9685612,1.3296013
3.087184,1.8413595
4.031323,1.5794406
3.2970576,1.6878855
3.6146188,1.5584686
3.483453,1.6336704
3.1474307,1.3660492
3.0002403,1.3932241
4.731991,0.8932068
3.0591068,1.6005373
2.7983508,1.5825179
3.341749,1.4922014
3.4483778,1.5614592
3.844463,1.1880844
3.359521,1.6215917
2.9504752,1.7269716
4.340434,0.6314438
3.400142,1.3236645
4.234373,1.3326404
4.1452923,1.4650853
4.831287,0.5797836
3.7982416,1.2003032
3.153893,1.5975856
2.96811,1.6727442
3.386302,1.5433229
2.9969854,1.913602
3.800968,1.5915098
2.9600992,1.4800069
4.493594,1.1248301
3.982691,1.2664669
3.206853,1.4077307
4.3760056,0.923244
3.4460654,1.2422929
3.69476,1.2543063
3.9713273,1.5193028
3.4224975,1.4169732
3.8837814,-0.050610002
3.8872652,1.281488
3.2786405,1.281488
3.209158,1.5132176
3.358289,1.6217992
4.3863378,0.42324588
2.961822,1.335859
3.5959024,1.3115419
3.155102,1.4740705
4.6389737,0.54654264
3.529024,1.1852587
3.7326252,1.2633994
3.2867713,1.5433229
3.7545867,1.2904798
3.2517047,1.6336704
3.9054012,1.2755417
3.1581388,1.3326404
3.9723616,1.1370374
3.561577,1.3506356
3.6279457,1.2390491
3.540205,1.3447851
3.8381476,1.4410664
3.4657228,1.224274
4.1439767,1.1159432
3.0792532,1.8895258
3.369377,1.594503
3.2816012,1.6487502
3.8418815,1.2182729
3.5276673,1.723948
3.806572,1.3144993
3.4923804,1.5132176
3.5070179,1.41397
3.2901576,1.5674969
3.6434429,1.1159432
4.001828,1.5313512
3.2640774,1.34183
3.469884,1.4861469
3.6963754,1.3085644
3.5727103,1.4079006
3.8913195,1.052694
3.2513952,1.4169732
3.1632895,1.5342801
3.9927368,1.1911714
4.660845,0.39967373
3.3398762,1.5342801
3.9011087,1.1218879
2.9423141,1.7209858
3.3763165,1.5162709
4.0177298,1.146128
3.520775,1.4109459
3.7986362,1.4951279
3.4738185,1.5011963
4.148356,1.2211533
4.053838,1.4831592
4.1283407,1.3296013
3.3256533,1.3506356
3.290983,1.4199557
3.3838677,1.2848817
3.6579716,1.3747483
3.9667413,1.5162709
3.1328418,1.5464193
3.5095837,1.5464193
3.7028742,1.1068705
3.8131635,1.2513949
3.2164042,1.5704261
4.086069,1.2422929
3.337452,1.5584686
3.0188494,1.9738203
3.9891398,1.6065962
3.7743447,1.2513949
4.5060368,0.7817554
4.544505,0.7874605
3.7082722,1.5794406
3.4684272,1.1646502
3.2514715,1.3596457
3.5551932,1.2603099
3.309445,1.4530123
3.3585856,1.3506356
4.3531165,1.2033049
3.5520897,1.2664669
3.2155528,1.7179201
3.7553797,1.2513949
4.427111,1.5011963
3.7053971,1.2121875
4.2483616,1.1159432
4.1291733,1.2844307
3.2229187,1.6126779
4.7569537,-0.3098039
3.3285713,1.3031961
3.6752634,1.525304
3.2159674,1.4289443
2.9851992,1.6065962
3.6538105,1.2362852
3.2373586,1.6366885
3.4808688,1.4410664
3.3006263,1.6005373
3.54165,1.4320067
4.010941,1.0948204
3.1082401,1.5854608
4.0822697,1.1248301
3.6641612,1.4560622
3.4234514,1.6065962
3.1942286,1.4440448
3.1758065,1.5193028
3.7717934,1.690816
3.5593677,1.2964458
3.271468,1.618571
3.7037494,1.4680518
4.434115,0.9623693
3.5067856,1.1159432
3.767467,1.1731863
2.8914006,1.913602
4.39753,0.5171959
3.0232882,1.7209858
3.6235483,1.690816
3.9945092,1.4560622
4.276711,0.9111576
3.7812572,1.5614592
3.940646,1.2422929
3.4087873,1.5975856
3.527497,1.3205616
3.6554084,1.5644293
3.811855,1.2964458
3.3602612,1.612572
4.1061215,1.0920185
3.912505,1.1942368
4.0379353,1.5403295
3.8696547,1.5403295
4.050767,1.3176455
4.2726607,0.9745117
4.1252832,1.4891144
3.7033672,1.979867
3.7064052,1.2153732
3.1708176,1.6787914
3.1873443,1.4801507
3.7902744,1.2182729
3.4050193,1.3388548
3.281116,1.627673
3.6250296,1.2392995
3.6128418,1.5464193
3.548115,1.281488
3.830025,1.4590908
3.2624056,1.2664669
3.991242,1.1430148
3.9924328,1.4861469
3.6859827,1.3115419
3.5742471,1.1852587
4.30122,1.3778524
4.0673747,1.1699681
3.8219435,1.5614592
3.5649688,1.41397
3.3027995,1.6277753
3.662829,1.1580608
4.274801,1.4410664
3.4067366,1.5884959
3.501215,1.2132521
4.66141,0.9804579
3.3496625,2.015192
4.2106175,0.76641285
4.635427,1.4620984
3.3739722,1.6818742
3.8086047,1.5854608
3.9576552,1.148911
3.676404,1.2273724
3.325377,1.5583485
3.3690174,1.5644293
4.3209233,1.1670218
3.6158228,1.2543063
4.1224346,1.1670218
3.6757498,1.281488
3.3282847,1.4861469
4.604576,0.13987908
3.1678421,1.41397
3.376388,1.5011963
3.738282,1.1972805
4.957832,0.7067178
4.1594667,1.5193028
3.8781676,1.2455127
3.312566,1.5524249
3.8075821,1.5794406
3.6542115,1.6035774
3.555024,1.3085644
3.9330533,1.2062861
3.8307629,1.1972805
3.311405,1.6487502
3.5068119,1.3898746
4.005391,1.5041989
3.7989738,1.3356584
3.5546155,1.4740705
3.4306252,1.723948
4.3079505,1.4079006
3.430533,1.4740705
4.447625,0.9623693
4.1962376,1.3958504
4.0527854,1.2484637
3.5583675,1.4289443
3.2259257,1.5976951
2.9077587,1.3958504
3.8341637,1.4019172
3.987653,1.5493711
4.0447245,1.657725
3.3875854,1.4109459
3.1182256,1.9768541
3.8333836,1.6095945
4.213247,-0.3098039
4.4946275,0.7126497
4.2170563,0.77597433
3.2957659,1.6065962
3.5921426,1.2545481
3.3392406,1.6517625
3.4300067,1.2335038
3.73081,1.1852587
3.4654489,1.5794406
3.3051221,1.5704261
4.2068677,1.4289443
3.495385,1.883491
4.7135587,-0.22184873
3.7312634,1.422918
4.885072,0.045322984
3.0969322,1.6396856
2.9722526,1.7932315
3.3081193,1.2000293
4.715604,0.510545
3.2085044,1.5524249
3.3327403,1.5584686
3.9687777,1.1792644
4.357628,1.4590908
3.1159241,1.627673
4.089362,1.278525
3.3783135,1.6818742
2.9503133,1.7359979
3.473121,1.4590908
4.0153065,1.1760913
4.55713,0.06069783
3.6646192,1.4831592
3.8397305,1.4169732
3.7664208,1.2121875
3.2880635,1.5403295
4.71496,0.7032914
4.0130687,1.2664669
3.3923564,1.6216954
3.2135587,1.31133
3.9115658,1.2484637
3.1135008,1.3182721
4.1480756,1.6005373
3.5866277,1.6156344
3.346005,1.627673
4.06556,1.3296013
3.073119,1.5603849
3.3538268,1.6457169
3.3529222,1.3537239
3.169079,1.9497315
3.2351925,1.3027637
3.8046124,1.4650853
3.7273927,1.2153732
4.0028477,1.1280761
4.3263326,0.9294189
3.4594212,1.5132176
4.004743,1.1280761
4.1188455,0.80618
3.188387,1.3868556
3.8950336,1.1670218
3.0516748,1.9677819
3.8151877,1.278525
3.6812224,1.507181
3.7430356,1.5011963
4.005694,1.1849751
3.0474894,1.4680518
3.555583,1.4530123
4.12021,1.3928727
3.1618013,1.4201208
3.6361883,1.2033049
4.221705,0.4440448
3.3067973,1.6817838
3.459821,1.6336704
3.8150356,1.2664669
3.8954644,1.5132176
3.5035048,1.3445888
4.0446305,1.1880844
3.2243056,1.6035774
3.6540015,1.3477203
3.6050098,1.507316
3.7234554,1.1852587
3.5781696,1.4109459
3.5377536,1.4560622
2.9843614,1.7390182
4.7366796,0.7242759
3.4207547,1.5223138
3.8373828,1.3085644
3.5535665,1.2484637
3.760315,1.1852587
4.1966867,1.2182729
4.1912103,1.2273724
4.567479,1.1699681
3.1042743,1.5674969
4.0861406,1.5041989
3.6642087,1.5644293
3.7721696,1.4801507
3.822056,1.449941
3.6210043,1.2690457
3.7601216,1.4109459
3.4171474,1.5342801
4.1736417,1.5132176
3.7544842,1.507181
4.7536044,0.45939252
4.1205797,1.2092469
3.2896984,1.6366885
3.7915046,1.4019172
3.343239,1.4077307
3.389976,1.3928727
4.22863,1.2995073
3.1923156,1.5794406
3.499883,1.1880844
3.7821147,1.2904798
4.1696057,1.11294
3.951557,1.2422929
3.7940443,1.23325
3.9243155,1.3567904
4.5370455,0.69108146
3.6321065,1.5433229
3.8662274,1.1519824
3.5954328,1.5193028
3.3208852,1.3688445
3.6171873,1.3326404
3.1732302,1.5704261
3.2601123,1.5041989
4.382939,0.39093512
4.405301,1.7450747
3.7945964,1.5614592
4.034324,1.5644293
3.6546302,1.3838154
3.953247,1.4620984
4.4627333,0.7067178
3.3435855,1.3988078
3.1221137,1.4048337
3.9294755,1.2151086
4.337222,0.7458552
3.3079975,1.3236645
3.5650182,1.5554572
5.3581076,0.24551266
3.327299,1.4922014
3.6705909,1.4350476
3.4219403,1.5223138
4.207078,1.2844307
3.1023972,1.2612629
3.6712425,1.4620984
3.277294,1.627673
3.2684395,1.6396856
4.3547797,1.1338581
3.6495507,1.4861469
3.9484248,1.2574385
4.273131,1.2211533
4.0281606,1.4320067
3.7284985,1.2603099
4.228035,1.2603099
3.2717404,1.5884959
3.6794229,1.4440448
3.5995345,1.1580608
4.5338387,0.72181064
3.1421745,1.4831592
3.6847243,1.41397
4.4348083,1.3928727
3.9409711,1.3838154
3.5097091,1.3205616
4.462219,0.7846173
3.103022,1.3838154
3.148143,1.5553364
3.6049478,1.2964458
3.3709545,1.4981726
5.1602464,0.36548796
4.2288923,1.1911714
3.7509737,1.2062861
3.4911275,1.5464193
4.1280775,1.2452658
3.7172418,1.2362852
4.468422,0.6794279
3.3451786,1.9316612
3.2617683,1.6757784
3.121196,1.751048
3.9340732,1.3296013
3.709307,1.5313512
4.0474663,1.224274
4.1959577,1.224274
3.1384125,0.456366
3.1606107,1.594503
3.979925,1.1673173
3.758618,-0.3098039
3.205316,1.6787914
2.986621,1.3628592
3.2461095,1.3838154
3.6933682,1.2151086
4.0180974,1.1972805
3.2313702,1.2607867
3.7928827,1.2211533
3.4385529,1.6005373
4.3468084,-0.38721615
4.2392826,0.46834734
3.116091,1.6095945
4.386813,1.0136797
3.4096868,1.4831592
2.9207897,1.5462959
3.8725872,1.3928727
3.5084612,1.3176455
3.6404936,1.3868556
3.140793,1.5673794
3.520241,1.5704261
3.1205885,1.9075726
3.9921331,1.5403295
3.0144649,1.4891144
3.3126268,1.7480329
3.8089013,1.3176455
2.8306394,1.9106244
3.565739,1.7631284
4.135635,0.76342803
3.8661108,1.2725377
3.4292045,1.1731863
3.6453419,1.2574385
3.3246531,1.5193028
4.771257,0.61066014
3.7581248,1.2995073
4.3686905,1.0195317
3.6178737,1.2003032
3.7712123,1.2121875
3.2135139,1.627673
3.4221451,1.4951279
4.0214033,1.5342801
3.6581457,1.3267454
3.784947,1.4199557
3.9396152,1.4981726
3.5265598,1.2633994
3.8590279,1.2579185
3.3162568,1.3265407
3.2956982,1.6878855
4.208152,1.2964458
3.6915472,1.2964458
3.4378011,1.6457169
3.6644366,1.4109459
3.4921296,1.5915098
3.9261417,1.2121875
3.4788902,1.3356584
3.595344,1.2151086
3.4593396,1.3477203
3.4386346,1.5342801
3.0480459,1.4922014
3.519744,1.5974758
3.388193,1.6215917
3.2206585,1.6095945
4.228537,1.7028612
3.1997874,1.6487502
3.3232424,1.7661153
3.814836,1.1699681
4.671757,0.20951502
3.6962876,1.3055663
3.8877547,1.3144993
3.3371503,1.3178545
4.1946187,1.3386557
2.9530883,2.0591466
3.535355,1.2211533
3.1988208,1.5915098
3.76888,1.4711449
3.3378148,1.5795549
3.5365362,1.5132176
4.337258,0.79098845
4.1933937,1.1821293
3.0882258,1.787177
3.7857146,1.6787914
3.9325664,1.281488
3.2664537,1.7661153
4.1101,1.3356584
3.4038281,1.5975856
4.942551,0.59549624
3.3368068,1.612572
3.2766829,1.5132176
3.9922416,1.2392995
4.0965824,1.4922014
3.3636236,1.3688445
3.745181,1.4861469
3.3626683,1.3747483
2.9614475,1.431846
3.6594796,1.1580608
3.838282,1.2422929
3.3806102,1.627673
4.2089057,1.269513
3.3363187,1.7299743
4.3721566,0.968483
4.068465,0.8692317
3.4646919,1.2513949
3.8407717,1.1942368
2.976281,1.429106
3.8430426,1.7751734
4.0760655,1.148911
3.6482692,1.7028612
3.4406116,1.2214142
3.6280432,1.3416324
4.511825,0.4297523
3.1771314,1.3598355
4.1625404,0.053078443
2.9958043,1.6547539
3.1130571,1.5854608
4.2412214,1.5162709
3.246283,1.6095945
5.782503,-1.09691
4.458887,1.1099159
3.7831316,1.1972805
4.1702447,1.3807538
3.460688,1.5884959
3.6537871,1.3445888
3.631225,1.2422929
3.800715,1.1580608
4.2355986,1.2574385
3.65164,1.525304
3.6244485,1.4530123
3.1919873,1.4590908
3.5287392,1.5464193
3.1840768,1.4470029
3.6148376,1.5373152
3.3796105,1.4169732
3.9219985,0.8267225
4.491868,0.57054293
4.3086658,1.0346285
3.892206,1.3144993
3.7319858,1.5464193
3.8485851,1.4650853
3.5190406,1.5342801
3.3680859,1.3898746
3.4594827,1.5554572
3.4918432,1.5011963
3.7591727,1.3958504
3.8752084,1.2513949
3.101411,1.612572
3.9171712,1.4320067
3.4867435,1.5644293
3.2031217,1.2489536
3.3138676,1.5223138
3.627521,1.5794406
3.7779086,1.2121875
3.1451235,1.6488477
3.531019,1.4740705
4.307011,1.3778524
3.4211123,1.6667987
3.423353,1.2392995
3.0339613,2.016532
3.6710796,1.2182729
4.0924964,1.2452658
3.0388608,1.6999243
3.274019,1.4019172
4.052696,1.2392995
3.5394962,1.2121875
3.0778942,1.4798632
3.200813,1.6006463
3.2599359,1.3176455
4.092619,1.1972805
3.6648922,1.5342801
3.4869812,1.6487502
3.7951233,1.1610683
3.774107,1.2633994
3.8627365,1.278525
3.3677363,1.4891144
4.058635,1.2603099
3.9929206,1.2062861
2.847533,1.9998262
3.8104794,1.4951279
3.300827,1.8323172
3.2924297,1.6396856
3.7789073,1.4440448
3.8773174,1.1792644
3.7971869,1.2574385
3.4220855,1.627673
3.8605433,1.1792644
3.257348,1.5041989
3.2071743,1.6728364
3.3658535,1.4801507
3.2825882,1.6245915
3.4586642,1.5282738
3.5864468,1.426023
3.369538,1.4410664
4.4250193,-0.26760623
3.262851,1.6426623
3.5011373,1.618571
4.6168365,0.5378191
3.4083343,1.6215917
3.5452087,1.4258602
3.0347943,1.9015673
4.0007057,1.3747483
3.756598,1.3326404
3.8477862,1.2362852
3.061411,1.690816
3.8956213,1.2844307
3.0482948,1.6156344
3.7472355,1.2964458
3.5675929,1.627673
3.4873586,1.5854608
3.6183467,1.2182729
3.6288185,1.3386557
3.438303,1.5704261
3.078143,1.6697816
3.355881,1.2817149
3.0816693,1.3624825
3.4048893,1.627673
3.7369814,1.3807538
3.314811,1.5614592
3.3320708,1.5313512
4.195372,0.6522463
3.6974673,1.5041989
3.49569,1.4891144
4.2136245,1.4981726
3.9565184,1.1972805
3.091965,1.6005373
4.717844,0.0128372125
4.581764,0.25285304
3.3727412,1.3747483
4.4456162,0.025305841
4.2638764,1.0827854
4.605163,0.28780174
4.7343435,0.21484384
3.5159678,1.4380674
3.2896075,1.2671717
4.0397935,1.5342801
3.2254624,1.5794406
3.4116518,1.2211533
3.1073952,1.32695
3.8832254,1.3267454
3.5869014,1.594503
4.154074,0.6766936
3.3544176,1.4199557
4.133658,1.3386557
3.397665,1.5825179
3.682884,1.3718065
3.881549,1.5041989
4.5407596,0.72754127
3.6826622,1.7209858
3.9185674,1.2633994
3.1805851,1.6486527
3.159209,1.6667987
3.5757525,1.5884959
3.184902,1.4560622
3.364877,1.3747483
4.040974,1.6637951
3.8463986,1.0678145
3.2062953,1.5584686
3.932905,1.2153732
3.4479928,1.3506356
4.702762,-0.17392519
3.1727102,1.591621
2.9656982,1.6426623
3.1016076,1.6426623
3.3532493,1.4590908
3.577074,1.5554572
3.3590634,1.3958504
2.9704506,1.3778524
3.5866194,1.3807538
3.1643147,1.6065962
3.4266956,1.2214142
3.131687,1.4711449
3.098558,1.4981726
3.5249372,1.3807538
3.3946927,1.1760913
3.0159688,1.6547539
3.3270645,1.4410664
4.322903,1.0257154
4.1495376,-0.3467875
3.8202627,1.618571
3.5098546,1.2000293
3.6932654,1.281488
4.0283394,1.2482185
3.2633076,1.6667987
3.8183448,1.2301934
3.6423633,1.146128
3.9129617,1.1218879
3.5186036,1.3176455
3.6858249,1.2574385
3.3143928,1.5673794
3.3622086,1.5524249
3.0361223,1.6968803
3.5477412,1.3176455
3.8231115,1.2844307
3.5150278,1.278525
3.139224,1.5041989
3.1495395,1.5373152
3.5660455,1.2904798
3.634622,1.5614592
3.5929897,1.5464193
3.7448113,1.2633994
3.4515355,0.7160033
3.1163666,1.5101427
3.335913,2.1554575
3.8739026,1.3265407
4.201971,1.5132176
3.689741,1.3567904
4.34912,1.1731863
3.200556,1.3718065
3.4445188,1.5102769
3.9583478,1.4470029
4.0653567,1.4891144
3.1402438,1.4225898
4.3987074,-0.060480744
4.2763886,1.2211533
3.792453,1.2003032
3.638003,1.5704261
3.216463,1.6035774
3.5908518,1.3567904
3.8000574,1.5102769
4.2666073,1.5162709
3.5384953,1.657725
3.354155,1.5282738
3.7397056,1.5433229
3.3043413,1.6999243
4.099108,0.20682588
3.576192,1.6517625
3.8966403,1.3055663
3.5643153,1.3025473
4.2208133,0.096910015
4.708549,0.32428244
3.18844,1.7089305
4.5414658,1.148911
3.7631745,1.146128
3.417405,1.4952668
3.4623473,1.5403295
3.8968241,1.0827854
3.752788,1.2484637
3.7311482,0.9561684
3.9776807,1.5614592
4.1172795,1.8173009
3.1654155,1.4199557
4.2604012,1.2935835
3.9337945,1.1942368
3.199959,1.6667987
3.6027453,1.5794406
3.9234889,1.1880844
4.04362,1.2452658
4.6427407,-0.3098039
3.692769,1.5553364
3.9625392,1.1430148
3.8345652,1.5223138
3.6555471,1.4079006
3.7326815,1.2513949
3.1434445,1.5193028
3.0067837,1.3153405
3.6501946,1.3205616
4.1476855,1.2574385
3.3347678,1.5464193
3.293816,1.5342801
3.6355543,1.6396856
3.2076654,1.3628592
3.3871007,1.5734519
3.589233,1.2121875
2.8818789,1.988871
3.291962,1.5132176
3.851365,1.4740705
3.2746098,1.6035774
3.5248933,1.3780344
3.474661,1.6156344
4.2052503,1.4560622
4.236465,1.11294
3.7758625,1.2875777
3.7410932,1.3537239
3.1627545,1.6065962
3.3176844,1.2392995
3.1626165,1.6457169
3.7966871,1.1818436
4.6393905,0.44715804
3.6498024,1.2362852
3.267492,1.3506356
3.3069441,1.4922014
4.006548,1.3356584
4.1489816,1.4680518
3.4526718,1.4831592
3.5781696,1.4740705
3.67517,1.1341771
3.6221504,1.5884959
3.0061142,1.618571
3.60778,1.3386557
3.3263426,1.4620984
3.2428672,1.5282738
3.5435555,1.6065962
3.3827262,1.5975856
3.8372486,1.5011963
3.8207052,1.2995073
3.8164668,1.4952668
3.3802023,1.5583485
3.3664217,1.5614592
3.1654804,1.6547539
3.7528734,1.2033049
3.1428504,1.7751734
4.254151,0.6009729
4.25244,1.6757784
3.4664729,1.4109459
3.1801367,1.6667987
4.009364,1.4320067
2.8814,1.7992027
3.2635663,1.3928727
3.9684103,1.4199557
3.5263128,1.3144993
3.7058904,1.2633994
4.0304165,1.146128
3.6147842,1.3025473
4.158747,1.4320067
3.3883553,1.3326404
3.1079862,1.9948888
4.063903,1.7089305
3.4266713,1.5975856
3.8760588,1.2392995
3.1274724,1.5825179
3.212334,1.4320067
3.4554584,1.3356584
4.135284,1.4711449
4.4951468,1.2182729
3.8094501,1.1760913
3.2668111,1.4711449
3.817034,1.1758016
3.5777225,1.3055663
3.6823885,1.269513
3.9732585,1.4440448
3.8915074,-0.25181198
3.697269,1.3807538
3.3256502,1.281488
3.6457162,1.5644293
3.290067,1.3386557
3.89911,1.1880844
3.6940598,1.1760913
3.1074088,1.450095
3.5301933,1.6215917
3.9730468,1.2033049
3.450191,1.5854608
3.9199872,1.9015673
3.502797,1.525304
3.7685506,1.1670218
3.729827,1.5673794
3.3415034,1.3838154
4.2809644,1.1068705
3.8667562,1.278525
3.1864576,1.6306312
3.875993,1.1550323
4.057867,1.2935835
3.567166,1.5433229
3.09602,1.6487502
3.5344813,1.2574385
3.2441294,1.3386557
3.6015558,1.5704261
4.706154,0.77305466
3.9518287,1.4740705
3.810545,1.5342801
3.574388,1.3025473
4.772569,-0.0132282525
3.8458333,1.4350476
4.7047954,0.17609125
4.000767,1.3958504
3.2569413,1.4740705
3.205593,1.5975856
3.7131956,1.5282738
3.4136937,1.3477203
4.0125546,1.6426623
3.8284776,1.4801507
3.327507,1.6216954
3.0481095,1.3656751
4.186564,0.24551266
3.6854503,1.3445888
4.249594,1.1880844
3.326317,1.4771212
2.9423168,1.431846
3.3765314,1.6457169
3.7345488,1.4410664
3.3165941,1.6366885
3.9226773,1.2003032
3.396756,1.4861469
4.206782,1.4620984
3.4238312,1.100715
3.2639425,1.5433229
3.3337736,1.6457169
3.3013575,1.4079006
3.3825035,1.321184
3.4060578,1.2753114
3.7100213,1.3988078
3.39564,1.4861469
3.263411,1.5102769
3.4189599,1.3296013
3.8746028,1.507181
3.2266815,1.4560622
3.4088554,1.5673794
3.5271025,1.4650853
4.4196024,1.1068705
4.0590754,1.4440448
3.3469143,1.3656751
3.545684,1.5884959
3.729411,1.2904798
3.3752277,1.4199557
3.5193133,1.6728364
3.993312,1.5734519
3.5612934,1.2633994
4.00746,1.1699681
3.258242,1.6547539
2.9772413,1.426023
3.1116998,1.4255342
3.646974,1.3326404
4.037804,1.5132176
3.6666265,1.2964458
3.6388135,1.3988078
3.307616,1.627673
3.5886085,1.507181
3.573012,0.5865873
3.48781,1.5825179
3.384766,1.6787914
4.752226,0.5024271
3.3640232,1.3205616
3.9047148,1.1640553
3.2325273,1.4440448
3.0837235,1.3180634
3.0681212,1.7209858
3.6223102,1.2543063
3.5921917,1.3506356
2.9407742,1.2699797
3.593754,1.5011963
3.7226849,1.5373152
4.1498623,1.6005373
3.3184237,1.6637951
4.065059,1.1821293
3.669224,1.1430148
3.8861303,1.3506356
3.688829,1.2603099
3.4507055,1.6757784
3.3983915,1.5282738
4.544542,0.45331833
4.0097947,1.5644293
3.894816,1.2484637
3.6009614,1.3356584
3.275694,1.6697816
3.558908,1.3626709
2.92778,1.5102769
3.631573,1.6035774
4.299302,1.0406023
4.2050924,1.5553364
3.298851,1.5614592
4.4524617,-0.38721615
4.489809,0.8481891
3.8781118,1.2513949
2.989479,1.4981726
3.9865613,1.2301934
3.1732028,1.3928727
3.4324205,1.5554572
3.6443264,1.2964458
3.689417,1.269513
3.8107936,1.2935835
2.9416485,1.9076263
4.2111444,1.2995073
3.9408941,1.450095
4.2610064,1.3265407
2.8683486,1.7781513
2.9968507,1.6036856
4.025651,1.2121875
3.8960328,1.5403295
3.447264,1.3838154
3.4841406,1.4740705
3.213226,1.6065962
5.0878534,0.16136801
4.05588,1.224274
3.5425262,1.269513
3.235328,1.8504012
4.012271,1.0618293
4.2382097,0.5831988
3.6254942,1.146128
4.692646,0.31806332
3.660669,1.4289443
4.226687,1.5373152
3.699755,1.5644293
4.3225393,-0.13667713
4.6183105,0.08278538
3.9946182,1.2664669
3.5753908,1.2455127
4.100396,1.4740705
3.8952458,1.4410664
4.5882993,-0.17392519
4.134598,1.2362852
3.682189,1.1880844
3.758948,1.5854608
3.7847834,1.2995073
4.2449203,1.6848453
3.7569263,1.5674969
3.876079,1.618571
3.71443,1.097951
3.505439,1.6065962
3.0574055,1.4740705
3.1044676,1.3328422
4.042924,1.3747483
3.5101845,1.5734519
3.2355037,1.4320067
3.3279788,1.6065962
3.8838098,1.1398791
3.9115055,1.5553364
3.8820841,1.525304
4.051384,1.1189257
3.7234097,-0.15490197
3.8306708,-0.15490197
3.4476027,1.5734519
4.611667,0.16731735
3.689395,1.5223138
3.4920712,1.3898746
3.515656,1.2245331
3.5803854,1.4981726
3.242496,1.4530123
3.8689597,1.2664669
3.5053353,1.4831592
3.2264626,1.6366885
4.0660796,1.5132176
3.2651472,1.4289443
3.9379127,-0.0087739155
3.3094015,1.1610683
4.231156,1.2362852
3.3880508,1.5313512
3.6274443,1.2484637
3.4405594,1.422918
3.956686,1.3416324
3.2149732,1.4740705
3.445153,1.2003032
4.6569147,1.0346285
4.6176047,0.31806332
3.3343794,1.2000293
3.3662195,1.209783
4.217223,1.2182729
3.2426994,1.5825179
4.3575883,1.4620984
3.593966,1.525304
3.7677386,1.2904798
3.32933,1.525304
3.8243816,1.1670218
3.7057085,1.5464193
3.3682883,1.3747483
3.7754083,1.4470029
3.350337,1.4409091
3.4838185,1.4470029
4.163636,1.422918
3.541597,1.6336704
3.5131643,1.3386557
3.408041,1.6245915
3.9521158,1.5132176
3.4838972,1.3205616
4.317447,1.3807538
3.6468,1.5764565
3.268867,1.4891144
4.1434116,1.2844307
4.1008673,1.3928727
3.945619,1.627673
3.4040954,1.4711449
3.9451184,1.1763808
3.4463542,1.4289443
3.4107287,1.3205616
4.181389,1.7330368
3.9335573,1.4109459
3.6674976,1.281488
3.9985101,1.3807538
3.059378,1.8082784
3.9774568,1.1370374
4.188279,1.3265407
4.269345,1.1248301
4.622635,0.9652017
3.3010297,1.5162709
3.793217,1.6878855
3.8339684,1.3988078
4.4344597,0.9623693
3.678787,1.5373152
3.8491628,1.2452658
3.7114007,1.2904798
3.922543,1.4650853
3.8233514,1.1821293
4.0092993,1.3807538
4.008296,1.6306312
3.0960598,1.3778524
3.7894218,1.4831592
4.162223,1.0346285
3.6548896,1.2725377
4.455097,0.19312458
4.3039284,1.3445888
3.7665856,1.5433229
3.2594707,1.7721015
3.3494706,1.6547539
4.505015,0.923244
3.8677003,1.3506356
3.375475,1.4410664
3.8210466,1.4831592
3.2217214,1.8142476
3.2614684,1.6848453
3.6251872,1.269513
4.103537,1.2092469
4.3545156,0.00432137
3.0752592,1.4169732
4.1725054,1.146128
3.335685,1.6306312
3.6229284,1.5554572
3.4904976,1.5132176
4.854638,-0.24412514
3.5479624,1.2005769
3.0799375,1.6999243
4.343669,1.2301934
3.9907358,1.2003032
3.6744084,1.2335038
3.439032,1.4681996
4.032849,1.3778524
3.0274816,1.3034121
3.2979817,1.2092469
3.9262557,1.1824147
3.428918,1.3265407
3.3136737,1.6878855
3.6479354,1.3718065
3.3040512,1.6637951
3.1208858,1.422918
3.2908726,1.6306312
3.173881,1.8533939
3.7340207,1.097951
3.5308824,1.3025473
3.9609647,1.2875777
3.231569,1.6939027
4.157681,1.6035774
3.3688984,1.6336704
3.4321134,1.5403295
4.1555014,1.7269716
3.465066,1.5102769
4.026937,1.3085644
4.084056,1.3537239
3.4493923,1.2392995
3.892473,1.3115419
3.7192945,1.4320067
3.8810277,1.2092469
3.4619744,1.5644293
3.0652738,1.6787914
3.4382756,1.1580608
4.553532,0.41995576
3.8116188,1.2574385
4.142735,1.422918
3.991804,1.3596457
3.8582742,1.3656751
3.5926323,1.4861469
3.3869016,1.4348881
3.6922536,1.3025473
3.4614499,1.4801507
2.9663303,1.5524249
3.744112,1.5464193
3.5687113,1.1640553
3.5243495,1.594503
3.9844909,0.7458552
4.72927,0.5078559
3.8451972,1.3778524
3.7728622,1.3656751
4.287594,0.35410842
3.4906566,1.5193028
3.4871435,1.2907022
3.0080094,1.8774865
3.9580202,1.4620984
3.0479743,1.5583485
3.4446397,1.6336704
3.738967,1.4861469
3.8006344,1.2273724
3.3505874,1.6215917
4.1673265,1.0346285
4.5273614,0.62838894
3.4535003,1.5734519
3.8954306,1.1731863
3.7337735,1.269513
4.0244107,1.3296013
3.847253,1.1821293
3.5956218,1.7059492
4.473592,0.8419848
3.8114934,-0.16115092
2.5443988,2.0701857
3.347047,1.2964458
3.7954721,1.5373152
3.328611,1.525304
4.199066,1.1640553
3.411179,1.5614592
3.8581998,1.4981726
4.628088,1.7059492
3.6858206,1.278525
3.3721492,1.4981726
3.8937712,1.2935835
4.1299543,1.3236645
3.3166919,1.3176455
3.2662377,1.6065962
3.5635905,1.4380674
3.2938445,1.7480329
3.7576652,1.3747483
3.849492,1.5493711
3.643824,1.1370374
3.1955962,1.6667987
3.3616817,1.3508292
3.3894994,1.2633994
4.431292,0.2121876
3.4496896,1.3416324
3.249892,1.5915098
3.2335615,1.5854608
4.1380463,1.6306312
3.9136434,1.4711449
3.9307833,1.4680518
3.513094,1.278525
3.5246835,1.2664669
3.3702636,1.2513949
4.09724,1.1640553
3.3887475,1.3117539
4.4397936,0.86628735
3.3789504,1.5162709
3.6631308,1.3205616
3.9181144,1.1972805
3.109105,1.6396856
4.133332,1.2844307
3.1769304,1.3719909
3.7147348,1.3506356
3.649929,1.657725
3.3613288,1.3176455
3.7302077,1.2603099
4.348934,1.0257154
4.525918,1.2392995
4.1862283,1.1911714
3.7085953,1.3386557
3.7110841,1.4440448
3.323266,1.6607707
3.307565,1.8444151
3.7857883,1.2153732
2.9310133,1.6999243
3.5180051,1.4590908
3.2090566,1.3838154
3.9114263,1.4922014
3.8834922,1.507181
4.148492,0.8567289
3.203238,1.6247976
4.213059,0.47421625
3.6364803,1.3988078
3.4111347,1.5644293
3.377015,1.6215917
3.4458592,1.5825179
3.7224395,1.5132176
3.7989335,1.6156344
2.973316,1.612572
3.3523216,1.3688445
3.2084258,2.0622435
3.9744537,1.1159432
3.6909082,1.4861469
3.3106027,1.2846563
2.8944232,1.4434195
3.8530931,1.278525
3.1395981,1.4077307
3.7025871,1.507181
3.2451584,1.4530123
3.8398983,1.2484637
3.586619,1.2513949
3.6250572,1.3688445
3.5111842,1.2273724
3.221189,1.7209858
3.844334,1.1880844
3.6502116,1.4891144
5.0822353,0.045322984
3.7460575,1.5734519
3.2027094,1.3718065
3.5050359,1.4922014
3.482401,1.5223138
3.4047968,1.2153732
3.5266402,1.6878855
3.882507,0.33645976
3.7939777,1.3386557
3.0003028,0.45331833
3.5710454,1.4590908
3.3919709,1.4831592
3.6946516,1.3115419
3.7668154,1.450095
4.22302,1.6306312
3.9469044,1.3988078
3.8117375,1.4831592
4.3156404,1.3025473
3.828523,0.19312458
3.455806,1.4289443
3.66634,1.5764565
3.3254025,1.4771212
3.9079032,1.8022262
3.48622,1.3178545
4.0522504,0.13033378
3.3398426,1.3898746
3.4582407,1.3988078
3.6450934,1.3626709
3.7036755,1.3868556
3.7078545,1.3598355
3.2679148,1.3807538
3.9044185,1.2995073
3.3375432,1.6065962
3.3767343,1.2875777
3.3940349,1.4048337
3.6463244,1.1699681
3.5374026,1.2003032
3.771535,1.7089305
4.596593,1.3778524
3.892192,1.3416324
3.4777522,1.3778524
3.1944811,1.5884959
4.2918873,0.9444827
3.649365,1.1883659
4.057613,0.73957235
3.5834894,1.3868556
3.2159727,1.6035774
3.5471246,1.2362852
3.2755818,1.7450747
2.976511,1.6065962
4.222636,-0.045757502
4.191597,0.5132176
3.4352272,1.7179201
3.8090148,1.4650853
4.0124993,1.1942368
4.06128,1.1821293
3.9879713,1.6336704
3.7127528,1.8473876
3.6173627,1.2455127
3.9662054,1.2995073
3.1918902,1.6396856
3.179198,1.3780344
4.052136,1.4740705
3.3670106,1.1989319
4.023692,1.3265407
3.3338556,1.2003032
3.5990863,1.1159432
3.3693116,1.1251558
4.0420814,1.5644293
3.3104033,1.3898746
3.2383802,1.2904798
4.5897965,1.0224284
3.2278345,1.6306312
3.0834959,1.4169732
2.931266,1.5373152
2.915783,1.8684682
3.3296723,1.6245915
3.567642,1.5854608
3.9293768,1.1640553
3.6870856,1.2755417
3.2905147,1.5583485
3.6782334,1.3055663
3.2227662,1.7059492
4.304561,1.2513949
3.126975,1.6607707
4.0505877,1.281488
3.264935,1.5041989
3.7750747,1.3838154
2.9694057,1.3596457
3.5437295,1.2182729
3.0651588,1.5011963
3.5188565,1.2574385
3.3600137,1.1821293
3.8144958,1.426023
4.175003,1.1760913
3.3033524,1.618571
3.3545434,1.612572
4.429734,-0.38721615
3.7098534,1.5614592
4.1720157,1.3626709
3.7255874,1.507181
3.515981,1.3356584
4.31794,1.1430148
3.9461453,1.5223138
3.267434,1.9196533
3.4022079,1.3958504
3.4717007,1.3087778
3.5808518,1.5644293
4.147692,1.4289443
3.1550176,1.2760019
3.190359,1.4169732
4.0970335,1.5373152
3.0773005,1.5403295
3.282025,1.1972805
3.1467173,1.6667987
4.268168,1.5704261
4.4515934,0.6946052
3.6299844,1.4440448
4.5376763,0.47129172
3.7559772,1.1338581
3.243625,1.5462959
3.3886788,1.2516382
4.402588,1.627673
3.9410124,1.3778524
3.9485238,1.5342801
3.1030936,1.6246945
3.480423,1.422918
3.4426358,1.5734519
4.4072633,0.62531245
4.0492783,1.2273724
3.6017659,1.5764565
4.244824,0.9138138
3.7314696,1.2935835
4.001047,1.2633994
3.600903,1.5884959
3.0079756,1.3630476
3.1951642,1.3988078
3.2247534,1.4951279
3.7838356,1.3025473
3.4323726,1.6065962
4.147833,1.1699681
3.9576056,1.6065962
3.415673,1.6697816
3.5056114,1.5162709
3.1623836,1.5583485
3.5434673,1.281488
3.046469,1.5342801
4.0543776,1.4922014
3.0625443,1.6245915
4.7373147,0.9894498
3.3634014,1.3928727
3.9082065,1.4019172
3.5813606,1.3688445
3.2878945,1.2392995
3.2009895,0.8149132
3.5173457,1.3658623
3.8491194,1.2153732
3.5085309,1.2156376
4.407244,1.0378247
4.747986,1.4289443
3.8356385,0.9907827
3.6252882,1.2422929
3.9368474,1.2755417
3.5208488,1.4922014
3.3673847,1.4592416
4.3100905,1.2092469
3.5712886,1.5884959
4.3844686,1.5132176
4.2416353,1.3144993
3.6199183,1.3506356
2.8869877,1.1041455
3.5314481,1.5373152
4.3456335,0.2600714
3.747225,1.2422929
3.6674,1.2035768
3.2001195,1.4771212
3.5937562,1.2633994
4.4647117,0.9595184
3.384094,1.3958504
4.013435,1.1610683
3.1455016,1.2844307
3.3695374,1.594503
3.8598287,1.146128
3.1969717,1.2543063
4.153917,1.2725377
3.2958367,1.2491983
3.5519142,1.23325
3.488075,1.5282738
4.089826,1.5223138
3.0648413,1.6667987
4.099692,1.4320067
3.9248195,1.2725377
3.6839094,1.3778524
2.978329,1.5584686
3.6499016,1.5464193
3.6855135,1.5884959
3.2866988,1.4740705
3.3710637,1.2484637
3.5693724,1.2725377
3.4442854,1.5975856
3.7733192,1.1972805
3.5374339,1.4891144
4.354747,0.923244
3.803197,1.4650853
3.493336,1.2092469
3.687137,1.3055663
3.2377703,1.6336704
3.577705,1.5403295
3.2640646,1.612572
4.0950623,1.4740705
4.2929287,1.4440448
3.9738765,1.4590908
3.8706994,1.3236645
3.2236423,1.178977
3.197117,1.5524249
2.7870443,1.5824043
2.9325657,1.5524249
3.2750897,1.3958504
3.4474127,1.3656751
3.4454997,1.4951279
3.4633372,1.2723058
3.63509,1.426023
3.505121,1.3386557
3.5810788,1.1640553
3.354472,1.5284024
4.248794,0.07554698
3.2282593,1.6065962
3.499466,1.449941
3.917825,1.2273724
3.797416,1.1911714
4.0864244,1.1610683
4.446481,1.0314084
3.547686,1.4079006
3.5849323,1.4470029
4.4088683,1.4410664
2.9991803,1.5674969
3.5187173,1.3537239
3.4244633,1.2909245
3.7712934,1.5313512
3.9822996,1.4590908
3.2554488,1.4831592
3.917179,1.4530123
3.0507545,1.5644293
3.0900757,1.3506356
3.571597,1.525304
3.786515,1.2964458
4.0316124,1.41397
3.5316525,1.3176455
3.9684296,1.3747483
3.171433,1.5554572
3.4405437,1.5644293
3.2552128,1.2904798
3.5567212,1.3447851
4.037459,1.8173009
3.6540823,1.5041989
3.4601426,1.2516382
4.225248,0.8419848
4.1462555,1.2121875
3.4193048,1.4380674
4.014484,1.6306312
3.2332857,1.3477203
3.5692666,1.3477203
3.3447573,1.6005373
2.7868435,1.6817838
4.2365484,1.3567904
3.6184251,1.4680518
3.8128085,1.1792644
3.557237,1.5102769
3.1143687,1.8895258
4.130197,1.4680518
3.845499,0.7671559
3.5909498,1.6878855
3.6838715,1.6728364
3.1967921,1.5493711
3.5289564,1.6005373
3.4701352,1.4801507
3.6105387,1.2301934
3.5574276,1.3567904
4.805248,1.0920185
3.3968942,1.2935835
3.8545432,1.3025473
3.800761,1.6035774
4.201057,1.2062861
4.6266184,0.69108146
2.961655,1.9497315
3.4218986,1.4470029
3.0935295,1.5403295
3.9131122,1.1370374
3.1646574,1.269513
3.1015272,1.7359979
4.4177227,1.1640553
3.6749442,1.6065962
3.966686,1.2755417
3.3795693,1.2966652
3.4623034,1.5524249
3.6514094,1.3205616
3.4762902,1.3928727
3.2575176,1.3868556
3.8442867,1.3236645
3.4091558,1.4861469
3.326974,1.3205616
4.275863,1.422918
4.3537655,1.0766405
3.39036,1.2935835
3.4820185,1.4079006
3.8792443,1.2092469
4.360084,0.5682017
3.7209554,1.3807538
3.6593,1.6035774
3.2688043,1.5193028
3.5380538,1.5524249
3.5615652,1.6366885
3.7135642,1.3506356
4.019807,1.4801507
3.2936504,1.7299743
3.506554,1.5433229
4.0554223,1.7601207
4.087466,1.269513
3.5643322,1.321184
3.8207853,1.3807538
4.2928257,0.89927316
3.9265535,1.2153732
3.4741125,1.4079006
3.8917966,1.2725377
4.1818004,1.4922014
3.680606,1.3477203
4.0358663,1.4922014
4.198442,-0.23657201
3.7354867,1.594503
3.3250096,1.4048337
3.2614036,1.507181
3.2811003,1.7420177
3.5417752,1.2904798
3.7595012,1.5825179
2.9252584,1.8022262
3.214181,1.4440448
4.2791877,-0.17392519
3.819425,1.3598355
3.4491591,1.3868556
3.5792418,1.6396856
3.2267468,1.5342801
4.128399,1.4922014
3.5660863,1.3718065
3.9998422,1.1218879
2.97144,1.826334
3.2471192,1.3416324
3.382408,1.3656751
4.108419,1.6306312
3.0604866,1.299943
3.878315,1.1792644
3.6826804,1.5975856
4.4907827,1.2964458
3.6000187,1.5614592
4.4487987,0.38738984
3.83045,1.4530123
3.2763782,1.4742162
3.5638514,1.627673
3.3672996,1.4380674
3.5144396,1.5342801
4.0410485,1.8955331
3.9576056,1.3147097
3.941052,1.3807538
3.3296614,1.3807538
3.6515658,1.4320067
4.1921926,1.5825179
3.3710675,1.2392995
4.0189977,1.052309
3.703112,1.5674969
3.6712005,1.5433229
3.604621,1.3747483
3.7618032,1.3055663
3.9992232,1.4831592
3.455929,1.41397
3.4479682,1.3868556
3.7454362,1.269513
3.4221067,1.4199557
3.069829,1.5193028
3.9565892,1.2844307
3.3332002,1.2753114
3.7909915,1.4650853
2.9313672,1.5947239
4.154001,1.422918
4.799087,0.9804579
3.8393683,1.5403295
3.009291,1.5403295
3.3110466,1.5373152
3.5452473,1.4410664
3.6333113,1.3718065
4.1056776,1.4861469
3.9474654,1.3342526
4.02189,0.44715804
3.8285406,1.3477203
4.1146054,0.8419848
3.4454648,1.4590908
3.6241028,1.5493711
4.410876,1.2062861
3.766539,1.1824147
3.4808402,1.5313512
3.3888507,1.5884959
3.6630201,1.6336704
4.3382545,1.4861469
3.591449,1.4620984
3.2468064,1.7299743
3.6855865,1.4350476
3.7604904,1.3267454
3.4447234,1.5313512
3.5180948,1.4560622
3.3312829,1.5493711
3.1333435,1.3749316
3.8356571,1.2725377
3.529549,1.4740705
4.5324745,0.47421625
4.0755677,0.90525603
3.2919223,1.5764565
4.198544,0.39619935
3.6988885,1.278525
3.5763636,1.2214142
3.200129,1.627673
3.9706566,1.1640553
3.3799634,1.618571
3.2326434,1.6697816
4.2640295,1.1398791
3.669298,1.6306312
3.300869,1.5825179
3.6385772,1.1880844
3.4393954,1.5464193
4.4715548,0.07918126
3.9921148,1.2844307
3.4304426,1.7028612
3.6712768,1.6336704
3.1006298,1.2817149
3.497916,1.3236645
3.3398042,1.3778524
4.2506666,0.5622929
4.0426326,1.6968803
3.769265,1.2513949
3.410659,1.6517625
3.9847248,1.4951279
3.2642255,1.4470029
3.6306777,1.4590908
4.9527755,0.42324588
3.3618534,1.4079006
4.2122006,1.4289443
3.712704,1.3958504
3.5300462,1.5433229
3.4569569,1.6215917
3.0758412,1.5975856
3.6137042,1.3236645
4.1246634,1.3386557
3.845524,1.1670218
4.452884,-0.38721615
4.137508,1.612572
3.144544,1.9015673
3.472295,1.1670218
3.2616682,1.4440448
3.0017684,1.3388548
3.1742077,1.2725377
3.9866993,1.1370374
3.9357684,1.3356584
3.1928818,1.5524249
3.1730492,1.6728364
3.6356735,1.4199557
4.2378607,1.1519824
3.7395668,1.2422929
4.050135,1.1519824
3.2938378,1.2935835
4.2521133,0.9415114
3.175713,1.3718065
3.1988482,1.4742162
4.238665,1.2875777
3.641342,1.5644293
3.814706,1.4981726
3.1200602,1.9948888
3.4822047,1.3416324
4.08418,1.2875777
3.5626674,1.3656751
4.3963146,0.31175384
3.4736373,1.2875777
4.3724055,0.7458552
3.9381752,1.1942368
3.0024595,1.4080703
4.1526732,0.77305466
3.7399356,1.450095
3.3188536,1.6109794
4.0144777,1.281488
2.9608104,1.4199557
3.4932625,1.4109459
3.9621606,1.1338581
3.4541278,1.4560622
3.567837,1.3416324
3.095267,1.5194342
3.3885994,1.4320067
3.4180996,1.2513949
3.5985363,1.627673
3.3559456,1.3356584
3.5473082,1.6005373
3.3819203,1.3147097
3.0317512,1.5975856
3.8074522,1.3838154
4.2080336,1.3718065
3.8709683,1.3115419
4.0428743,1.4650853
4.401888,1.224274
3.6746492,1.3533391
3.7211444,1.3326404
3.5616646,1.6396856
3.9405768,1.2180101
3.762012,1.2574385
3.7049596,1.2725377
3.8120697,1.5734519
4.148321,0.7067178
3.8762007,1.5041989
3.8250935,1.224274
3.222495,1.6005373
3.297246,1.23325
3.7204432,1.281488
3.7233005,1.5884959
3.3989582,1.3174365
3.4956524,1.3626709
4.0270066,1.41397
2.9995844,1.6637951
3.2939005,1.3778524
3.5085776,1.3025473
3.0774937,1.8112397
3.4166212,1.5464193
3.1460984,1.2787536
4.0935225,1.1338581
3.3668315,1.23325
3.2569652,1.6215917
3.496406,1.1280761
2.7962763,1.6878855
3.9789379,1.1519824
2.97738,1.6637951
3.6955347,1.4680518
3.5043874,1.4410664
3.7655504,1.3386557
3.6227052,1.3688445
3.7304657,1.3477203
4.0561404,1.4771212
3.141717,1.5494937
3.417518,1.5282738
4.265658,1.5794406
4.18446,1.148911
3.796276,1.1640553
3.4120095,1.6215917
3.11228,1.6457169
4.013111,1.4861469
3.2161,1.594503
4.072108,1.5433229
3.7743275,1.23325
3.0545762,1.5310955
3.6594446,1.278525
3.1819181,1.7661153
4.0876865,1.2062861
3.162155,1.5614592
3.293726,1.6366885
3.6857688,1.5223138
3.6764596,1.5223138
3.7459056,1.627673
3.4154491,1.3445888
3.46584,1.3326404
3.599242,1.3296013
4.304755,1.5975856
3.4487195,1.5193028
3.3586254,1.7149162
3.0596263,1.8473876
3.2015839,1.4740705
3.1532009,1.2576786
3.851342,1.1821293
3.736161,1.2362852
3.3730786,1.3718065
3.5087109,1.4289443
3.690078,1.5884959
3.94592,1.5464193
3.9999175,1.6517625
3.1710446,1.4169732
3.872459,1.1942368
3.9306488,1.4680518
3.8188424,1.3085644
3.6543143,1.1731863
4.137399,1.5583485
3.299253,1.3236645
4.395049,1.6366885
3.524983,1.6728364
3.3272605,1.6426623
3.405199,1.4922014
3.4021857,1.2156376
3.4225872,1.4892552
3.5535097,1.5764565
3.7398329,1.3205616
3.2002163,1.7118915
3.4478421,1.4922014
4.0098343,0.30535138
3.3875244,1.5162709
4.6099133,1.0588055
4.04635,1.2755417
3.3668919,1.3838154
4.192109,1.3115419
3.1561875,1.5915098
3.888823,1.627673
3.9275105,1.4740705
3.8251398,1.5373152
3.0351028,2.0806265
3.8882499,1.3506356
2.9345992,0.23299612
3.4250593,1.3416324
3.675292,1.1731863
3.369797,1.4922014
3.983403,0.5378191
3.822706,1.2755417
3.5844626,1.3447851
3.2066038,1.6757784
3.6077592,1.525304
3.5153675,1.4831592
3.5303588,1.4109459
3.199842,1.3718065
3.7526703,1.2273724
3.343565,1.7661153
3.5457578,1.6306312
3.624801,1.6035774
3.5550022,1.1430148
3.8988519,1.1309767
4.192691,1.1280761
3.5305927,1.507181
3.2573636,1.3506356
3.147294,1.3928727
3.1448717,1.2966652
4.866262,-0.38721615
3.23135,1.6246945
3.174007,1.6156344
3.8400939,1.1760913
4.0368114,1.2964458
3.0468605,1.6426623
3.5196664,1.5884959
4.101642,1.5673794
3.4417746,1.6245915
3.3062317,1.6366885
3.6050646,1.5403295
4.0925283,1.2995073
3.7728827,1.2062861
3.742562,1.2121875
3.909276,1.3898746
3.1752493,1.2513949
4.5432897,1.5282738
3.7067578,1.1341771
3.124143,1.5854608
3.0596187,1.6607707
4.2090197,1.5041989
3.819796,1.3144993
3.2276506,1.6035774
4.594782,-0.13667713
4.681515,0.13987908
3.3252056,1.5403295
4.064976,1.1702617
4.120354,1.5825179
3.3993526,1.5794406
3.4100008,1.612572
3.8525953,1.2995073
4.1654253,1.4891144
3.8655312,1.4831592
3.64985,1.3447851
3.9899914,1.4620984
4.391254,1.4289443
3.2207482,0.77524626
4.25707,0.16731735
3.296842,1.5162709
3.7711685,1.8323172
3.7485127,1.6095945
3.7764742,1.5403295
3.118664,1.5674969
3.9331458,1.3626709
2.9712558,1.7992027
4.0871105,1.6848453
3.8691516,1.4380674
4.507285,-0.07572073
3.6785293,1.6186756
3.6596653,1.4951279
4.4124875,-0.036212165
3.3892126,1.657725
4.523074,0.8567289
3.5577073,1.5342801
3.3077276,1.4892552
3.9151962,1.5584686
4.110608,1.1580608
3.3104625,1.5915098
3.3681247,1.3807538
3.905467,1.2092469
3.1476996,1.4711449
4.2374005,-0.13076827
3.8862607,1.5193028
3.3536327,1.4922014
3.8346667,1.3567904
4.335529,0.38201705
3.9387724,1.450095
3.9551332,1.4861469
3.4089034,1.612572
3.0838747,1.3477203
4.0408387,1.1852587
3.1092527,1.3721752
4.169713,1.5614592
4.0464783,1.2875777
3.7969902,0.99255353
3.2960255,1.6426623
3.8436513,1.2062861
3.392796,1.4320067
3.9273472,1.4711449
3.61884,1.3144993
3.8243027,1.224274
4.080048,1.2392995
3.3488343,1.5344069
3.7431052,1.2030329
4.417723,0.9623693
3.6459005,1.2392995
3.888991,1.2033049
3.5128372,1.4560622
3.7796123,1.41397
3.2629676,1.5553364
3.451565,1.5493711
3.2733276,1.5041989
3.1746423,1.3898746
3.7851639,1.281488
3.3579352,1.4861469
3.4062483,1.4470029
4.076936,1.1159432
4.335244,1.5342801
3.576399,1.5403295
3.1952426,1.2964458
4.1880817,0.1986571
3.3344932,1.6547539
3.7201006,1.3055663
3.2091632,1.450095
3.3591964,1.67587
4.145189,1.3205616
4.883955,-0.0222764
3.5519753,1.3027637
3.3713298,1.3176455
3.7240112,1.2664669
4.1960964,0.041392695
3.7312195,1.2603099
3.1730754,1.657725
3.6369095,1.5373152
3.5626562,1.5373152
3.4562573,1.6245915
3.3680377,1.4320067
3.4028065,1.4891144
3.304611,1.5554572
3.8916907,1.2543063
3.7361205,1.5102769
3.6619136,1.5223138
4.088697,1.2092469
3.9628522,1.2425414
3.9788957,1.2362852
3.2283244,1.3296013
3.470669,1.8323172
3.8874595,1.4831592
3.2806358,1.3055663
4.380964,0.8692317
3.1884038,1.6787914
4.335988,1.4350476
3.1784108,1.6306312
3.4174988,1.5584686
4.1817913,1.5583485
3.9427369,1.6787914
3.3275325,1.6457169
3.7421567,1.3838154
4.171535,1.3898746
3.7656264,0.90525603
3.4397614,1.4169732
4.131075,1.507181
3.8498418,1.3988078
3.499459,1.5223138
3.3254452,1.6065962
3.2358284,1.6306312
3.4124029,1.2603099
3.98239,1.2844307
2.8821054,1.3749316
3.5475528,1.4861469
3.8391798,1.1731863
3.3506305,0.7267272
4.1111135,1.1159432
4.0953026,1.5614592
3.408303,1.2365372
4.446363,-0.19382003
3.7473,1.2484637
3.1560187,1.5193028
4.1768484,1.4560622
2.9761784,1.6487502
3.5926924,1.5464193
3.7492268,1.2605484
3.4386795,1.5975856
3.6668003,1.5011963
3.8629043,1.2121875
3.2441196,1.5673794
3.1776361,1.6336704
4.1977525,1.4711449
3.2959175,1.3898746
3.4507232,1.6035774
3.6402183,1.41397
3.204638,1.657725
4.173114,1.7118915
3.2585273,1.627673
3.3171473,1.4470029
3.8630517,1.4440448
3.500912,1.278525
3.2290454,1.41397
3.9441547,1.4981726
3.6683967,1.2452658
3.9316826,1.3928727
3.719739,1.1699681
3.444919,1.5342801
3.4222717,1.2365372
3.991097,1.5524249
3.4628196,1.6095945
3.00638,1.5584686
2.8657086,1.4109459
3.0077488,1.6306312
3.5172486,1.4952668
3.051738,1.2422929
3.1105742,1.6035774
3.364123,1.5524249
3.3077137,1.3510228
3.7969382,1.5403295
3.589793,1.5102769
4.632702,0.02118928
3.1722245,1.7209858
3.6829982,1.2003032
3.2523375,1.5342801
3.432572,1.4079006
3.8072703,1.6306312
3.0851817,0.08635984
3.6609325,1.2362852
4.045035,1.2633994
3.6590126,1.4530123
3.8240545,1.2964458
3.92934,1.2964458
3.3608556,1.2880255
3.939475,1.2513949
3.2647827,1.2603099
3.2203002,1.5854608
3.2424674,1.3326404
3.8666077,1.4470029
3.5772324,1.6336704
4.5737934,0.9385197
3.296645,1.4620984
3.1394932,1.6517625
3.5633135,1.0557605
3.8641074,1.2664669
3.1053638,1.3809345
3.9716713,1.3085644
4.0993767,1.4470029
3.8558993,1.4440448
4.0611706,1.5614592
4.8550215,1.0346285
3.6747017,1.4440448
4.053075,1.3085644
3.1486228,1.4650853
3.1740677,1.4891144
3.736636,1.1430148
3.8923888,1.450095
3.968859,1.4320067
3.7985337,1.2725377
3.4613724,0.21484384
3.2068074,1.5825179
3.6498673,1.2092469
3.60115,1.5282738
3.4133365,1.5764565
3.441631,1.4289443
3.4350245,1.5584686
3.906948,1.2574385
3.1924376,1.4320067
4.7817965,1.2301934
3.6382177,1.6457169
4.243188,1.6035774
3.8480513,1.1911714
3.6313848,1.4742162
3.0353057,1.6065962
4.7623744,0.46834734
4.1829257,1.6306312
3.8760912,1.5825179
3.1632376,1.1215599
3.3781347,1.6426623
3.2956808,1.2455127
2.7546806,1.4171394
4.2621155,0.3783979
3.3864005,1.2875777
3.4117947,1.6336704
3.587189,1.594503
3.4116642,1.3477203
3.6039631,1.627673
3.4502153,1.2935835
3.8648508,1.2755417
3.504916,1.2875777
4.0535097,1.3988078
4.632497,1.0827854
3.6878254,1.4711449
3.662234,1.426023
3.6679964,1.3085644
4.029965,1.4470029
3.5375216,1.5523031
3.3610501,1.5704261
3.4166055,1.437909
3.5564835,1.1458178
3.073791,1.7390182
3.2905056,1.6637951
4.71798,0.2855573
3.214772,1.6396856
3.1201322,1.5884959
3.7486844,1.1670218
4.0438643,1.5342801
3.3264475,1.7269716
3.2185678,1.5825179
3.9452894,1.2362852
4.6946154,1.0013009
3.548363,1.437909
3.3496144,1.3868556
3.1894524,1.5764565
3.1632347,1.7118915
3.2183566,0.48713836
3.6054034,1.178977
3.5005512,1.4861469
4.0016522,1.41397
3.6545534,1.3144993
3.6108708,1.278525
3.2982652,1.6156344
3.941018,1.1550323
3.7737455,1.1640553
3.4565341,1.224792
3.6940672,1.5373152
3.385572,1.7631284
3.4211826,1.5193028
3.549749,1.2003032
3.2368598,1.3778524
4.911884,0.07554698
3.423349,1.6637951
3.3922403,1.5373152
3.2714288,1.525304
4.1554165,1.0224284
3.487795,1.5223138
3.3824027,1.1610683
4.129898,1.422918
3.7361083,1.3176455
3.3259232,1.618571
3.662956,1.0374265
4.44581,1.1911714
3.2665098,1.4951279
3.2323112,1.5132176
4.235905,1.2633994
4.2864757,1.2995073
3.5080886,1.5041989
3.417973,1.2425414
3.5325997,1.5854608
3.3551648,1.6757784
3.4986331,1.2787536
3.477365,1.6245915
3.4615304,1.2484637
3.2921348,1.6215917
3.8179138,1.7330368
3.7089896,1.1880844
3.267415,1.5373152
2.808791,1.6396856
3.4050949,1.2153732
4.6625333,0.07188199
4.492286,0.456366
3.2485092,1.5614592
4.1546035,1.1430148
3.0343044,1.4951279
3.3581102,1.3809345
3.6218903,1.2214142
4.6024303,-0.026872147
3.4496229,1.5673794
3.711014,1.5673794
2.6187932,1.9437418
3.7475855,1.3477203
3.3167865,1.3326404
3.9639661,1.2543063
3.8249688,1.450095
3.133037,1.0273496
3.3634715,1.5312234
4.0636125,1.1852587
3.128125,1.805229
3.1869895,1.3236645
4.0059204,1.3506356
4.496293,0.76937735
3.4900253,1.3445888
3.4362664,1.335859
4.0668488,1.2964458
4.2433357,1.2392995
3.421634,1.2392995
4.557702,0.26717174
3.24907,1.3356584
3.8321347,1.2513949
3.814476,1.4350476
3.7848103,1.1370374
3.370394,1.5764565
3.4338734,1.627673
2.6639135,1.6155292
3.5658302,1.4680518
3.8729527,1.2574385
3.3561082,1.5342801
3.178861,1.5854608
4.023578,1.1370374
3.5568566,1.5373152
3.1275237,1.4320067
4.219744,-0.3098039
3.4873164,1.3928727
4.564887,1.0557605
3.10261,1.3115419
3.4365246,1.3447851
3.3522382,1.5433229
3.4531803,1.5825179
2.8047147,1.6607707
3.628661,1.3626709
3.5638714,1.2362852
3.9141433,1.3776704
3.4741719,1.5193028
3.3984966,1.3176455
3.4985256,1.230449
3.8339245,1.2121875
3.1906402,1.627673
4.194764,1.7330368
3.5136285,1.4350476
3.6207147,1.2484637
3.1727347,1.3539163
3.8301182,1.1580608
3.7954266,1.1972805
4.5764546,0.9503649
3.2752361,1.6215917
3.3187366,1.6065962
3.6890962,1.3958504
3.8775728,1.3025473
3.9744096,1.6939027
4.011593,1.2633994
3.5218215,1.5975856
4.219496,1.7269716
3.6058052,1.2904798
3.528579,1.2214142
3.560677,1.3326404
4.9160023,-0.08092192
3.4901335,1.422918
3.3978887,1.5132176
3.437316,1.7179201
3.3063598,1.6426623
3.0880373,1.7841892
3.196305,1.2995073
3.5904708,1.6396856
3.5383549,1.1189257
3.5748756,1.281488
3.358512,1.5704261
3.796956,1.3326404
3.0773783,1.6457169
3.7839446,1.4742162
3.6524725,1.4169732
2.9843256,1.8413595
4.1207714,1.1640553
3.665505,1.2121875
3.105249,1.6186756
3.2877877,1.6366885
4.9051313,0.6434527
4.414267,0.20412
3.5501893,1.6065962
3.5126286,1.3807538
3.135493,1.5434471
3.7893486,1.1580608
4.664752,0.31597033
3.6690636,1.23325
3.2619715,1.5975856
4.0986853,1.4891144
3.2906184,1.4019172
3.1537597,1.751048
4.3267336,1.723948
3.007047,1.3988078
3.3159745,1.6245915
3.8281417,1.146128
3.840285,1.2033049
3.3073452,1.6607707
3.1304011,1.5524249
3.7224777,1.2603099
3.598272,1.3205616
3.6138275,1.2938044
3.6233199,0.9863238
3.827756,1.3718065
3.3092353,1.2362852
3.6174862,1.3263359
3.703669,1.507181
4.288894,-0.21467015
3.866752,1.2995073
3.3243396,1.2844307
3.0495534,1.9738203
4.388123,1.9618007
3.4218,1.3868556
3.804119,1.269513
3.4344568,1.5041989
3.923189,1.0648322
3.7904983,1.1610683
4.159118,1.6005373
4.14289,1.4410664
3.3924954,1.3236645
3.6175158,1.5854608
3.6787643,1.5403295
3.9429467,1.2875777
3.694032,1.5041989
3.7148833,1.3807538
3.6499412,1.4981726
3.544938,1.5342801
3.5664542,1.450095
3.197187,1.9497315
4.345928,1.2151086
3.3751805,1.3686588
3.7550273,1.5734519
4.2900033,1.5403295
3.812924,1.1673173
4.128025,1.1640553
4.9027786,0.0128372125
4.179241,1.6728364
4.0566306,1.6517625
3.4458854,1.5373152
3.7108274,1.3477203
4.027976,-0.4089354
3.4721737,1.2995073
3.2683337,1.2667019
4.185326,1.6396856
3.325743,1.3265407
3.1121716,1.148911
3.519237,1.3567904
3.0342264,1.0681858
3.4437482,1.5313512
3.0104885,2.0622435
4.0732822,1.2301934
3.2596748,1.8202672
3.7422538,1.3928727
3.3198204,1.6667987
4.0444226,1.146128
4.41415,1.1309767
3.1301677,1.2250507
3.8391447,1.5614592
3.7526622,1.1852587
3.4587152,1.230449
4.0426903,0.9444827
3.8525026,1.0737183
3.8087132,1.3477203
3.9698203,1.0707765
2.8888447,1.6035774
3.6935282,1.2603099
3.0965972,1.3031961
4.712333,0.76937735
3.3785155,1.7269716
3.6369479,1.525304
3.0536563,1.4711449
3.687503,1.269513
3.5480227,1.4590908
3.527952,1.3445888
3.5559423,1.3868556
3.9481373,0.6618127
4.06933,1.4891144
3.5276878,1.148911
3.575029,1.4169732
3.8645885,1.3807538
5.079387,0.6884198
3.13413,1.594503
3.0247617,1.7902148
4.0906415,1.5011963
4.093722,1.2964458
3.0240602,1.7450747
4.168844,1.1580608
3.692777,1.4079006
3.9186244,1.5102769
4.4185257,-0.124938734
3.452776,1.5614592
3.770513,1.2362852
4.1262894,1.278525
3.596834,1.3236645
3.2394094,1.627673
3.585413,1.3656751
3.5077877,1.6095945
3.8110287,1.2362852
3.686217,1.6005373
3.831228,1.3205616
3.7644038,1.278525
3.311171,1.3236645
3.3906875,1.2664669
3.400488,1.6667987
4.0594244,1.6245915
3.9151967,1.2482185
2.908265,1.6607707
3.5872726,1.3236645
3.3175786,1.7209858
4.172636,1.5011963
3.2980123,1.5825179
3.2070928,1.7330368
3.6109824,1.618571
3.3916461,1.3686588
3.843504,1.6306312
4.1768317,1.3236645
3.6056168,1.4740705
3.5828838,1.3988078
3.6400926,1.6095945
3.4568288,1.5614592
3.8681974,1.5223138
3.4606829,1.3147097
4.109657,1.6728364
3.8104298,1.6517625
3.7392237,1.2725377
3.4744809,1.2875777
3.4780288,1.4199557
3.8005233,1.6065962
4.1127567,1.5493711
3.6087565,1.3506356
4.1580424,1.6215917
3.1689196,1.5342801
3.7232702,1.6517625
3.0098143,1.6035774
3.8478565,1.2995073
4.3657756,1.269513
3.410684,1.3176455
3.5659254,1.5854608
3.3205974,0.45939252
3.569103,1.1760913
3.8723142,1.4951279
2.6579943,1.7330368
3.5165112,1.5041989
4.257979,1.3085644
3.3951488,1.5884959
4.0828815,1.657725
3.4886327,1.2455127
3.7679496,1.5764565
2.7645667,1.3866773
3.3530734,1.3477203
3.358888,1.5403295
3.6455688,1.2574385
3.1781688,1.6667987
3.230026,1.4530123
3.2856686,1.4163076
3.107456,1.6487502
3.5029895,1.2964458
3.5621722,1.3176455
3.223663,1.5704261
3.2953825,1.5855736
3.6572347,1.4350476
4.2858334,0.59549624
4.008357,1.2273724
4.371085,0.30963016
3.491563,1.3025473
3.5069864,1.4740705
2.9183106,1.6817838
3.9484868,1.2875777
3.1997929,1.6697816
3.7163906,1.2723058
3.072424,1.5040629
3.0729368,1.7299743
3.5232575,1.5403295
4.0046954,1.3565995
4.0866556,1.0799044
4.090683,1.281488
4.1322303,1.5794406
3.2888372,1.41397
4.1211905,1.4951279
3.7268293,1.4470029
3.7006218,1.5102769
3.3993833,1.5734519
3.6661668,1.2422929
3.8642733,1.2392995
3.8033044,1.4350476
4.0799837,1.7390182
3.427806,1.3085644
3.3420053,1.4590908
4.0296307,1.3205616
4.4634295,0.8088859
3.0050495,1.2509077
3.392892,1.1781132
4.3126545,1.4289443
3.8964658,1.4440448
3.401225,1.1702617
3.7751591,1.1911714
3.1063378,1.3958504
4.121681,1.4530123
4.0336924,1.2092469
3.5904598,1.4831592
3.8128045,1.4892552
3.4664102,1.632356
4.3950934,0.1492191
3.5630562,1.4861469
3.6433768,1.3115419
3.4583542,1.2574385
3.2307746,1.450095
3.2720368,1.3747483
3.1191874,1.946747
3.8387513,1.4831592
3.6487737,1.5854608
3.8202505,1.4771212
3.4026682,1.6336704
2.9534485,2.0532322
3.0151987,1.594503
3.5731084,1.5223138
2.905815,1.3749316
3.9998257,1.1519824
4.352987,0.76342803
3.7246587,1.3898746
3.3743458,1.4620984
3.2826355,1.6035774
3.4249134,1.450095
3.5749474,1.3055663
3.3791757,1.4530123
4.3140903,1.627673
3.6452286,1.4530123
3.3911092,1.507181
4.9464083,0.4440448
3.472773,1.3205616
3.489959,1.4680518
4.001436,1.1610683
3.869402,1.723948
2.9836094,1.8654593
3.2695067,1.7420177
4.2176514,1.6366885
4.2020235,1.5583485
3.136824,1.9407157
3.7642696,1.4470029
3.9040017,1.2153732
4.5276,0.06818584
3.6733952,1.2574385
3.634884,0.49276036
3.5310128,1.7269716
3.933701,1.450095
4.7196302,0.63447726
3.3806605,1.4922014
4.2008405,1.2755417
3.8504562,1.4410664
3.5821307,1.4951279
3.502266,1.3567904
3.6602118,1.281488
4.7087655,0.43616265
3.4898927,1.5223138
3.7957704,1.1852587
3.5977376,1.4320067
4.26927,1.2875777
3.9821584,1.1911714
2.9113238,1.4289443
4.0049872,1.2484637
3.6015904,1.6547539
3.3120816,1.5644293
3.7674682,1.1492192
3.411493,1.618571
3.1579003,1.5493711
4.124179,1.4289443
3.595532,1.4680518
3.8161945,1.1821293
3.303408,1.5493711
3.714527,1.278525
3.502869,1.0499929
4.5637403,1.7330368
3.965732,1.2153732
3.046308,1.5854608
3.7487154,1.2543063
3.9201248,1.1702617
3.5781016,1.4711449
3.2828672,1.5644293
3.5349467,1.507181
3.4504547,1.4410664
4.0796223,1.3477203
3.9322197,1.4199557
4.400231,0.06069783
3.4260805,1.3567904
3.780688,1.5342801
3.5713408,1.4981726
3.88635,1.1398791
3.3464684,1.3055663
3.0697775,1.5704261
3.905994,1.4620984
3.4840415,1.052694
3.5474374,1.3537239
3.3965862,1.4320067
3.983723,1.5524249
3.7646506,1.3267454
3.0853765,1.6065962
3.4254434,1.4981726
3.9255836,1.7269716
3.248436,1.5132176
3.2021964,1.6366885
4.009561,1.0136797
3.44321,1.723948
3.4373426,1.3928727
3.506734,1.2484637
4.5852795,1.23325
3.5247676,1.2513949
3.8300533,1.1640553
4.084186,1.2904798
3.620485,1.5193028
3.6331265,1.3958504
3.7146554,1.5313512
3.461467,1.2092469
3.7632315,1.4199557
4.1595273,1.4740705
3.100171,1.4138025
3.485255,1.4981726
3.5798442,1.3147097
4.6440735,0.22271647
3.2757602,1.450095
3.500846,1.3718065
3.675117,1.3898746
3.4551167,1.450095
3.529133,1.3205616
3.121832,1.6667987
3.8456619,1.1821293
4.1738873,1.7269716
3.669679,1.4410664
3.775588,1.3656751
3.466178,1.4891144
3.9553213,1.2092469
3.6812608,1.3326404
3.4795651,1.5223138
3.9346187,1.3807538
3.0268068,1.5794406
3.1441586,1.4289443
3.9771292,1.4740705
3.79057,1.5464193
4.3205795,-0.031517047
3.433592,1.6426623
3.505377,1.525304
3.9494276,1.422918
4.076261,1.2755417
4.068307,1.1550323
3.5253916,1.6426623
3.140495,1.3596457
4.13733,1.2904798
4.5530806,0.4329693
3.05383,1.3178545
4.060381,1.426023
3.1727653,1.449941
3.4283447,1.6215917
3.399624,1.5553364
3.8295853,1.7450747
3.4457648,1.5524249
3.6734772,1.3928727
3.860837,1.1702617
3.3492553,1.4620984
4.297164,1.1942368
4.1656823,1.0799044
3.376737,-0.09691001
3.9697564,1.1699681
4.430042,-0.07572073
3.1778696,1.8504012
3.3714454,1.6637951
3.6415467,1.5313512
3.6296813,1.3205616
3.5255325,1.2664669
3.8749743,1.2301934
3.427819,1.5524249
3.5347629,1.3121774
3.7125828,1.3718065
4.1432376,1.6156344
3.128988,1.6637951
3.7623782,0.39093512
4.073943,1.3656751
3.4444056,1.4590908
3.8507552,1.0618293
3.4557848,1.4858633
3.52431,1.5403295
3.663687,1.5193028
3.4296796,1.4530123
3.4740567,1.4440448
3.7043297,1.5493711
3.4926732,1.4530123
3.592447,1.5614592
3.5065968,1.7028612
3.6593218,1.5794406
3.119289,1.8594385
3.6588526,1.3236645
3.1958752,1.4019172
2.9755743,1.9858754
3.239925,1.627673
3.216653,1.7028612
3.5189598,1.4258602
3.820402,1.5794406
3.630145,1.1370374
3.659523,1.1911714
3.1435468,1.7119758
3.3994427,1.3807538
4.2288566,1.2211533
3.5458322,1.2603099
3.3100526,1.3326404
3.3803596,1.6517625
4.341584,-0.1023729
3.9887898,1.3778524
3.501529,1.5223138
3.5526423,0.4756712
3.8188012,1.278525
3.361798,1.4620984
3.3323991,1.4589399
3.462951,1.5282738
3.9247446,1.5825179
3.2464912,1.2089785
3.399644,1.450095
3.8140976,1.3356584
3.495659,1.2392995
3.8224766,1.1911714
4.067786,1.2543063
3.6623833,1.4050046
4.366474,1.618571
4.6278667,0.27184162
3.3202634,1.6607707
